{
  "2026-04-17": {
    "19:58:00": {
      "confidence": 1.46172,
      "needle_angle_deg": -128.792,
      "reading": 0.0
    },
    "20:08:11": {
      "confidence": 1.5489,
      "needle_angle_deg": -128.783,
      "reading": 0.0
    },
    "20:18:21": {
      "confidence": 1.52547,
      "needle_angle_deg": -129.458,
      "reading": 0.0
    },
    "20:28:31": {
      "confidence": 1.38847,
      "needle_angle_deg": -129.046,
      "reading": 0.0
    },
    "20:38:42": {
      "confidence": 1.40031,
      "needle_angle_deg": -128.978,
      "reading": 0.0
    },
    "20:48:52": {
      "confidence": 1.61096,
      "needle_angle_deg": -128.703,
      "reading": 0.0
    },
    "20:59:02": {
      "confidence": 1.55036,
      "needle_angle_deg": -129.46,
      "reading": 0.0
    },
    "21:09:12": {
      "confidence": 1.45103,
      "needle_angle_deg": -129.483,
      "reading": 0.0
    },
    "21:19:22": {
      "confidence": 1.52386,
      "needle_angle_deg": -129.484,
      "reading": 0.0
    },
    "21:29:32": {
      "confidence": 1.45109,
      "needle_angle_deg": -129.486,
      "reading": 0.0
    },
    "21:39:42": {
      "confidence": 1.59385,
      "needle_angle_deg": -129.467,
      "reading": 0.0
    },
    "21:49:52": {
      "confidence": 1.45069,
      "needle_angle_deg": -129.484,
      "reading": 0.0
    },
    "22:00:02": {
      "confidence": 1.44919,
      "needle_angle_deg": -129.498,
      "reading": 0.0
    },
    "22:10:12": {
      "confidence": 1.52175,
      "needle_angle_deg": -129.498,
      "reading": 0.0
    },
    "22:20:22": {
      "confidence": 1.52045,
      "needle_angle_deg": -129.514,
      "reading": 0.0
    },
    "22:30:32": {
      "confidence": 1.57623,
      "needle_angle_deg": -129.501,
      "reading": 0.0
    }
  }
}