{
  "2026-04-17": {
    "19:58:00": {
      "confidence": 1.46172,
      "needle_angle_deg": -128.792,
      "reading": 0.0
    },
    "20:08:11": {
      "confidence": 1.5489,
      "needle_angle_deg": -128.783,
      "reading": 0.0
    },
    "20:18:21": {
      "confidence": 1.52547,
      "needle_angle_deg": -129.458,
      "reading": 0.0
    },
    "20:28:31": {
      "confidence": 1.38847,
      "needle_angle_deg": -129.046,
      "reading": 0.0
    },
    "20:38:42": {
      "confidence": 1.40031,
      "needle_angle_deg": -128.978,
      "reading": 0.0
    },
    "20:48:52": {
      "confidence": 1.61096,
      "needle_angle_deg": -128.703,
      "reading": 0.0
    },
    "20:59:02": {
      "confidence": 1.55036,
      "needle_angle_deg": -129.46,
      "reading": 0.0
    },
    "21:09:12": {
      "confidence": 1.45103,
      "needle_angle_deg": -129.483,
      "reading": 0.0
    },
    "21:19:22": {
      "confidence": 1.52386,
      "needle_angle_deg": -129.484,
      "reading": 0.0
    },
    "21:29:32": {
      "confidence": 1.45109,
      "needle_angle_deg": -129.486,
      "reading": 0.0
    },
    "21:39:42": {
      "confidence": 1.59385,
      "needle_angle_deg": -129.467,
      "reading": 0.0
    },
    "21:49:52": {
      "confidence": 1.45069,
      "needle_angle_deg": -129.484,
      "reading": 0.0
    },
    "22:00:02": {
      "confidence": 1.44919,
      "needle_angle_deg": -129.498,
      "reading": 0.0
    },
    "22:10:12": {
      "confidence": 1.52175,
      "needle_angle_deg": -129.498,
      "reading": 0.0
    },
    "22:20:22": {
      "confidence": 1.52045,
      "needle_angle_deg": -129.514,
      "reading": 0.0
    },
    "22:30:32": {
      "confidence": 1.57623,
      "needle_angle_deg": -129.501,
      "reading": 0.0
    },
    "22:40:42": {
      "confidence": 1.45586,
      "needle_angle_deg": -129.503,
      "reading": 0.0
    },
    "22:50:52": {
      "confidence": 1.4256,
      "needle_angle_deg": -129.508,
      "reading": 0.0
    },
    "23:01:02": {
      "confidence": 1.49293,
      "needle_angle_deg": -129.521,
      "reading": 0.0
    },
    "23:11:12": {
      "confidence": 1.4981,
      "needle_angle_deg": -129.509,
      "reading": 0.0
    },
    "23:21:22": {
      "confidence": 1.83742,
      "needle_angle_deg": -129.483,
      "reading": 0.0
    },
    "23:31:33": {
      "confidence": 1.26354,
      "needle_angle_deg": -129.509,
      "reading": 0.0
    },
    "23:41:43": {
      "confidence": 1.13419,
      "needle_angle_deg": -129.5,
      "reading": 0.0
    },
    "23:51:53": {
      "confidence": 1.66751,
      "needle_angle_deg": -101.188,
      "reading": 0.0
    }
  },
  "2026-04-18": {
    "00:02:03": {
      "confidence": 1.4486,
      "needle_angle_deg": -129.51,
      "reading": 0.0
    },
    "00:12:13": {
      "confidence": 1.56796,
      "needle_angle_deg": -129.509,
      "reading": 0.0
    },
    "00:22:23": {
      "confidence": 1.38483,
      "needle_angle_deg": -129.501,
      "reading": 0.0
    },
    "00:32:34": {
      "confidence": 1.39948,
      "needle_angle_deg": -129.529,
      "reading": 0.0
    },
    "00:42:44": {
      "confidence": 1.5046,
      "needle_angle_deg": -100.643,
      "reading": 0.0
    },
    "00:52:54": {
      "confidence": 1.21753,
      "needle_angle_deg": -101.197,
      "reading": 0.0
    },
    "01:03:04": {
      "confidence": 1.40298,
      "needle_angle_deg": -129.507,
      "reading": 0.0
    },
    "01:13:14": {
      "confidence": 1.49923,
      "needle_angle_deg": -129.522,
      "reading": 0.0
    },
    "01:23:24": {
      "confidence": 1.42341,
      "needle_angle_deg": -129.53,
      "reading": 0.0
    },
    "01:33:35": {
      "confidence": 1.49781,
      "needle_angle_deg": -129.526,
      "reading": 0.0
    },
    "01:43:45": {
      "confidence": 1.42414,
      "needle_angle_deg": -129.53,
      "reading": 0.0
    },
    "01:53:56": {
      "confidence": 1.39471,
      "needle_angle_deg": -129.53,
      "reading": 0.0
    },
    "02:04:06": {
      "confidence": 1.56147,
      "needle_angle_deg": -129.252,
      "reading": 0.0
    },
    "02:14:17": {
      "confidence": 1.49437,
      "needle_angle_deg": -129.531,
      "reading": 0.0
    },
    "02:24:27": {
      "confidence": 1.55998,
      "needle_angle_deg": -129.131,
      "reading": 0.0
    },
    "02:34:37": {
      "confidence": 1.41292,
      "needle_angle_deg": -129.533,
      "reading": 0.0
    },
    "02:44:48": {
      "confidence": 1.49667,
      "needle_angle_deg": -129.532,
      "reading": 0.0
    },
    "02:54:58": {
      "confidence": 1.49455,
      "needle_angle_deg": -129.534,
      "reading": 0.0
    },
    "03:05:09": {
      "confidence": 1.60912,
      "needle_angle_deg": -129.253,
      "reading": 0.0
    },
    "03:15:19": {
      "confidence": 1.62562,
      "needle_angle_deg": -129.509,
      "reading": 0.0
    },
    "03:25:30": {
      "confidence": 1.52727,
      "needle_angle_deg": -129.521,
      "reading": 0.0
    },
    "03:35:40": {
      "confidence": 1.5539,
      "needle_angle_deg": -129.532,
      "reading": 0.0
    },
    "03:45:51": {
      "confidence": 1.4486,
      "needle_angle_deg": -129.253,
      "reading": 0.0
    },
    "03:56:01": {
      "confidence": 1.49067,
      "needle_angle_deg": -100.335,
      "reading": 0.0
    },
    "04:06:12": {
      "confidence": 1.38261,
      "needle_angle_deg": -129.985,
      "reading": 0.0
    },
    "04:16:22": {
      "confidence": 1.73108,
      "needle_angle_deg": -100.973,
      "reading": 0.0
    },
    "04:26:33": {
      "confidence": 1.56577,
      "needle_angle_deg": -129.253,
      "reading": 0.0
    },
    "04:36:44": {
      "confidence": 1.60133,
      "needle_angle_deg": -129.978,
      "reading": 0.0
    },
    "04:46:54": {
      "confidence": 1.39971,
      "needle_angle_deg": -129.986,
      "reading": 0.0
    },
    "04:57:04": {
      "confidence": 1.54943,
      "needle_angle_deg": -101.153,
      "reading": 0.0
    },
    "05:07:15": {
      "confidence": 1.47544,
      "needle_angle_deg": -129.978,
      "reading": 0.0
    },
    "05:17:25": {
      "confidence": 1.51689,
      "needle_angle_deg": -129.903,
      "reading": 0.0
    },
    "05:27:36": {
      "confidence": 1.4613,
      "needle_angle_deg": -129.889,
      "reading": 0.0
    },
    "05:37:46": {
      "confidence": 1.4854,
      "needle_angle_deg": -129.974,
      "reading": 0.0
    },
    "05:47:57": {
      "confidence": 1.46517,
      "needle_angle_deg": -101.194,
      "reading": 0.0
    },
    "05:58:08": {
      "confidence": 1.668,
      "needle_angle_deg": -101.197,
      "reading": 0.0
    },
    "06:08:18": {
      "confidence": 1.38965,
      "needle_angle_deg": -102.087,
      "reading": 0.0
    },
    "06:18:29": {
      "confidence": 1.48138,
      "needle_angle_deg": -100.624,
      "reading": 0.0
    },
    "06:28:39": {
      "confidence": 1.88062,
      "needle_angle_deg": -100.753,
      "reading": 0.0
    },
    "06:38:50": {
      "confidence": 1.59782,
      "needle_angle_deg": -101.198,
      "reading": 0.0
    },
    "06:49:00": {
      "confidence": 1.57027,
      "needle_angle_deg": -101.182,
      "reading": 0.0
    },
    "06:59:10": {
      "confidence": 1.60096,
      "needle_angle_deg": -101.154,
      "reading": 0.0
    },
    "07:09:21": {
      "confidence": 1.57067,
      "needle_angle_deg": -129.534,
      "reading": 0.0
    },
    "07:19:31": {
      "confidence": 1.56236,
      "needle_angle_deg": -101.183,
      "reading": 0.0
    },
    "07:29:42": {
      "confidence": 1.49579,
      "needle_angle_deg": -101.183,