{
  "2026-04-17": {
    "19:58:00": {
      "confidence": 1.46172,
      "needle_angle_deg": -128.792,
      "reading": 0.0
    },
    "20:08:11": {
      "confidence": 1.5489,
      "needle_angle_deg": -128.783,
      "reading": 0.0
    },
    "20:18:21": {
      "confidence": 1.52547,
      "needle_angle_deg": -129.458,
      "reading": 0.0
    },
    "20:28:31": {
      "confidence": 1.38847,
      "needle_angle_deg": -129.046,
      "reading": 0.0
    },
    "20:38:42": {
      "confidence": 1.40031,
      "needle_angle_deg": -128.978,
      "reading": 0.0
    },
    "20:48:52": {
      "confidence": 1.61096,
      "needle_angle_deg": -128.703,
      "reading": 0.0
    },
    "20:59:02": {
      "confidence": 1.55036,
      "needle_angle_deg": -129.46,
      "reading": 0.0
    },
    "21:09:12": {
      "confidence": 1.45103,
      "needle_angle_deg": -129.483,
      "reading": 0.0
    },
    "21:19:22": {
      "confidence": 1.52386,
      "needle_angle_deg": -129.484,
      "reading": 0.0
    },
    "21:29:32": {
      "confidence": 1.45109,
      "needle_angle_deg": -129.486,
      "reading": 0.0
    },
    "21:39:42": {
      "confidence": 1.59385,
      "needle_angle_deg": -129.467,
      "reading": 0.0
    },
    "21:49:52": {
      "confidence": 1.45069,
      "needle_angle_deg": -129.484,
      "reading": 0.0
    },
    "22:00:02": {
      "confidence": 1.44919,
      "needle_angle_deg": -129.498,
      "reading": 0.0
    },
    "22:10:12": {
      "confidence": 1.52175,
      "needle_angle_deg": -129.498,
      "reading": 0.0
    },
    "22:20:22": {
      "confidence": 1.52045,
      "needle_angle_deg": -129.514,
      "reading": 0.0
    },
    "22:30:32": {
      "confidence": 1.57623,
      "needle_angle_deg": -129.501,
      "reading": 0.0
    },
    "22:40:42": {
      "confidence": 1.45586,
      "needle_angle_deg": -129.503,
      "reading": 0.0
    },
    "22:50:52": {
      "confidence": 1.4256,
      "needle_angle_deg": -129.508,
      "reading": 0.0
    },
    "23:01:02": {
      "confidence": 1.49293,
      "needle_angle_deg": -129.521,
      "reading": 0.0
    },
    "23:11:12": {
      "confidence": 1.4981,
      "needle_angle_deg": -129.509,
      "reading": 0.0
    },
    "23:21:22": {
      "confidence": 1.83742,
      "needle_angle_deg": -129.483,
      "reading": 0.0
    },
    "23:31:33": {
      "confidence": 1.26354,
      "needle_angle_deg": -129.509,
      "reading": 0.0
    },
    "23:41:43": {
      "confidence": 1.13419,
      "needle_angle_deg": -129.5,
      "reading": 0.0
    },
    "23:51:53": {
      "confidence": 1.66751,
      "needle_angle_deg": -101.188,
      "reading": 0.0
    }
  },
  "2026-04-18": {
    "00:02:03": {
      "confidence": 1.4486,
      "needle_angle_deg": -129.51,
      "reading": 0.0
    },
    "00:12:13": {
      "confidence": 1.56796,
      "needle_angle_deg": -129.509,
      "reading": 0.0
    },
    "00:22:23": {
      "confidence": 1.38483,
      "needle_angle_deg": -129.501,
      "reading": 0.0
    },
    "00:32:34": {
      "confidence": 1.39948,
      "needle_angle_deg": -129.529,
      "reading": 0.0
    },
    "00:42:44": {
      "confidence": 1.5046,
      "needle_angle_deg": -100.643,
      "reading": 0.0
    },
    "00:52:54": {
      "confidence": 1.21753,
      "needle_angle_deg": -101.197,
      "reading": 0.0
    },
    "01:03:04": {
      "confidence": 1.40298,
      "needle_angle_deg": -129.507,
      "reading": 0.0
    },
    "01:13:14": {
      "confidence": 1.49923,
      "needle_angle_deg": -129.522,
      "reading": 0.0
    },
    "01:23:24": {
      "confidence": 1.42341,
      "needle_angle_deg": -129.53,
      "reading": 0.0
    },
    "01:33:35": {
      "confidence": 1.49781,
      "needle_angle_deg": -129.526,
      "reading": 0.0
    },
    "01:43:45": {
      "confidence": 1.42414,
      "needle_angle_deg": -129.53,
      "reading": 0.0
    },
    "01:53:56": {
      "confidence": 1.39471,
      "needle_angle_deg": -129.53,
      "reading": 0.0
    },
    "02:04:06": {
      "confidence": 1.56147,
      "needle_angle_deg": -129.252,
      "reading": 0.0
    },
    "02:14:17": {
      "confidence": 1.49437,
      "needle_angle_deg": -129.531,
      "reading": 0.0
    }
  }
}