{
  "2026-04-17": {
    "19:58:00": {
      "confidence": 1.46172,
      "needle_angle_deg": -128.792,
      "reading": 0.0
    },
    "20:08:11": {
      "confidence": 1.5489,
      "needle_angle_deg": -128.783,
      "reading": 0.0
    },
    "20:18:21": {
      "confidence": 1.52547,
      "needle_angle_deg": -129.458,
      "reading": 0.0
    }
  }
}